"Year","Council","Incidence","Lower_95CI","Upper_95CI"
2023,"Adur",0.0562640926021538,0.0565198022037539,0.0563475505167577
2023,"Amber Valley",0.0112818371662337,0.0113149630241783,0.0115408288772927
2023,"Arun",0.438136862731604,0.457050144481394,0.449887769900166
2023,"Ashfield",0.0172862073625356,0.0183433256836102,0.0180278692593022
2023,"Ashford",0.0255435106924129,0.0261983195849024,0.0257214367102046
2023,"Babergh",0.0334252616127563,0.0350795332712362,0.0346985552878326
2023,"Barking and Dagenham",0.0475122933366151,0.04641275780299,0.0458721454389643
2023,"Barnet",0.0927057539459566,0.0937172073216307,0.0878071678289439
2023,"Barnsley",0.0325590722498352,0.0342302398910966,0.0334818456275087
2023,"Basildon",0.0551549764660851,0.0544227318580526,0.0496856900961836
2023,"Basingstoke and Deane",5.73950197212259,5.83477120365718,5.61766288217537
2023,"Bassetlaw",0.10945680896197,0.105231060592421,0.108335653706811
2023,"Bath and North East Somerset",4.9652562076498,4.95406715169513,5.03484768993929
2023,"Bedford",0.0821055798847938,0.0893285412099266,0.0881077962183929
2023,"Bexley",0.0159078948702047,0.0169798829439482,0.0167227779226808
2023,"Birmingham",0.0354926514848057,0.0379937224823254,0.0365583705695829
2023,"Blaby",0.00827756914752727,0.00857033408513141,0.00864395190998613
2023,"Blackburn with Darwen",0.0257351194271271,0.026059619450169,0.0253513924774344
2023,"Blackpool",0.0845166304556987,0.0840027593980705,0.0858594754598997
2023,"Bolsover",0.0425818056946304,0.0418973328008122,0.0418284057549897
2023,"Bolton",0.0144621318788234,0.0149434001919322,0.0140039499790665
2023,"Boston",0.116908112374171,0.11949942064022,0.115246149349831
2023,"Bracknell Forest",0.195908948612722,0.203267701282325,0.191453453267618
2023,"Bradford",0.0363308989891224,0.0334180477168233,0.0341856184206787
2023,"Braintree",0.0369157436961601,0.0372781137428726,0.0372018544880252
2023,"Breckland",0.144465315976632,0.151715330070063,0.151761840495736
2023,"Brent",0.0290293151742159,0.0264046784174193,0.0252432613566301
2023,"Brentwood",0.034597682724027,0.0358757817158056,0.0373202921644679
2023,"Brighton and Hove",0.337619679713427,0.320835189533557,0.327999656573139
2023,"Bristol",2.20920177293041,2.05535573470239,2.15251693385784
2023,"Broadland",0.0318007586662396,0.0313632012129129,0.031640680594518
2023,"Bromley",0.147297001514209,0.152555534191219,0.145677144030868
2023,"Bromsgrove",0.027452397158581,0.0293234363279892,0.0296293555024355
2023,"Broxbourne",0.038855484307859,0.0380068131474899,0.0369725692494603
2023,"Broxtowe",0.0112182204991211,0.0109939180920357,0.0114353593180698
2023,"Buckinghamshire UA",0.0901866164495771,0.0965645790442806,0.0925880314465845
2023,"Burnley",0.0110042868332195,0.0107679202672556,0.0109299577677658
2023,"Bury",0.0229380464371549,0.02394849601263,0.0231745175798883
2023,"Calderdale",0.0975237389633102,0.101512956379798,0.102964453544342
2023,"Cambridge",0.337773470659278,0.339362876659399,0.326164710460749
2023,"Camden",3.07641571754469,3.00495323390831,3.11787362108727
2023,"Cannock Chase",0.012006891726553,0.0113832975075369,0.0118798176362818
2023,"Canterbury",0.0179447323711074,0.0179613314172641,0.018467950045784
2023,"Castle Point",0.0238442189973369,0.0224370984242673,0.0232986965208992
2023,"Central Bedfordshire",0.0838817775219175,0.0804778966655019,0.082949445916676
2023,"Charnwood",0.0178262202961642,0.0175248308550819,0.0176206725352837
2023,"Chelmsford",0.0704191534005493,0.066596456723838,0.0657678134386227
2023,"Cheltenham",0.104429467528712,0.104705334101628,0.103762199118642
2023,"Cherwell",0.0212061364105032,0.0213508863993829,0.0216842965714985
2023,"Cheshire East",0.0576552131382814,0.0625673801143993,0.058656839624734
2023,"Cheshire West and Chester",0.0754810318439676,0.075155556440285,0.0746808684086589
2023,"Chesterfield",0.0389032620982727,0.0373625723071843,0.0379059334640396
2023,"Chichester",24.208562691987,22.1632198585126,23.4857882293842
2023,"Chorley",0.0954845124981723,0.093452622665781,0.0952865329016634
2023,"Colchester",0.0456505491244215,0.0465484696295885,0.0419681690950745
2023,"Cornwall",0.255956810077182,0.254316001809382,0.263577870173795
2023,"Cotswold",0.715955484456323,0.679866802960134,0.688472275372086
2023,"County Durham",0.0325223422345274,0.0316863477719856,0.032751042838193
2023,"Coventry",0.0273396526367504,0.0277992774804683,0.0299030766071089
2023,"Crawley",0.0445424973254437,0.0445898071891604,0.0449595933565452
2023,"Croydon",0.04252763469337,0.0476068057356313,0.047641975723838
2023,"Cumberland",0.641370425936154,0.617488542942254,0.659881943344181
2023,"Dacorum",0.0249064065910969,0.024395708011126,0.0251784179947118
2023,"Darlington",0.0087229401077056,0.00889217887428475,0.00870706959937052
2023,"Dartford",0.0962452200599782,0.0949213915621679,0.0997109856027641
2023,"Derby",0.0322328253388275,0.0319453636233798,0.0334444884816338
2023,"Derbyshire Dales",0.020353489061873,0.0193551080766548,0.0192547509562104
2023,"Doncaster",0.0290260170876065,0.0292183311291111,0.0306542074016395
2023,"Dorset",8.93685685793444,8.32269344615456,8.89469102574931
2023,"Dover",0.0325211923159425,0.0317963618623213,0.0335955620369431
2023,"Dudley",0.0152823134579386,0.015312385766567,0.0149000260724564
2023,"Ealing",0.11813721879152,0.124622102100862,0.116189492992796
2023,"East Cambridgeshire",0.0808125298801588,0.0818482877000373,0.075582501500283
2023,"East Devon",2.2077577954882,2.24651999976738,2.37240253374009
2023,"East Hampshire",16.5525793775031,16.3886437953893,16.4453499424904
2023,"East Hertfordshire",0.034583944467016,0.035258147284791,0.0350349324306037
2023,"East Lindsey",0.0314246010277681,0.0326628086636047,0.0319408528706823
2023,"East Riding of Yorkshire",0.0408677552210867,0.0401371951987914,0.0429025393472038
2023,"East Staffordshire",0.0374533207434903,0.0377941109310465,0.036292698919504
2023,"East Suffolk",0.063356854181891,0.0648623337723335,0.0624019873407201
2023,"Eastbourne",0.212685608941424,0.20804151214582,0.216946934430699
2023,"Eastleigh",12.5083044356196,11.3768062303965,11.8240834577224
2023,"Elmbridge",1.11723189065591,1.04573195682478,1.0481764963015
2023,"Enfield",0.0605575300321136,0.0582557557312345,0.0620547116494023
2023,"Epping Forest",0.0421115643067738,0.0421440052712919,0.0404284622561046
2023,"Epsom and Ewell",1.40964551068757,1.36206673464751,1.35543720767577
2023,"Erewash",0.0151407647889445,0.014250074100251,0.0142793328539106
2023,"Exeter",0.459876620275464,0.445964198734662,0.473486742112953
2023,"Fareham",0.80858434068334,0.852195038712107,0.817147675931534
2023,"Fenland",0.0246141324363158,0.0231690441635929,0.0235563727204844
2023,"Folkestone & Hythe",0.0317824182572979,0.0327576680560779,0.0323340140291909
2023,"Forest of Dean",0.0737000884173971,0.0780267623983393,0.0771298980840106
2023,"Fylde",0.228530239022763,0.222512175096857,0.2332236189691
2023,"Gateshead",0.0909027840042178,0.100038723385824,0.0908171822394167
2023,"Gedling",0.0184144262809326,0.0190657584351234,0.0193214027919418
2023,"Gloucester",0.0856443370186129,0.0863814167857128,0.0853081345202795
2023,"Gosport",0.067504785934434,0.0694396750133978,0.0692170084321158
2023,"Gravesham",0.0223633976022143,0.0229183580749604,0.0232763587782137
2023,"Great Yarmouth",0.0150308372991012,0.0152506755891593,0.0151601736979485
2023,"Greenwich",0.126456017653408,0.13078125220105,0.125873572225076
2023,"Guildford",2.86931939932103,3.14796275825963,2.85496933123548
2023,"Hackney",0.126906876927896,0.124410790381772,0.123269442837382
2023,"Halton",0.00827436452445516,0.00857114809362992,0.00864640181818635
2023,"Hammersmith and Fulham",2.52659800639366,2.42073721323746,2.43115962902402
2023,"Harborough",0.0171152989020242,0.0179615757226164,0.0185353774371341
2023,"Haringey",0.15581864438094,0.154963408442996,0.159103721695079
2023,"Harlow",0.0279920238556334,0.0279920161698563,0.0285504377623296
2023,"Harrow",0.0155719919655739,0.0152853700420708,0.0160235153384271
2023,"Hart",12.9511507493158,13.029370117606,13.2610457230513
2023,"Hartlepool",0.0188368107503089,0.0181565154988455,0.0192494587318922
2023,"Hastings",0.0225425017788328,0.0233962505235555,0.0237069098728467
2023,"Havant",0.547581068868436,0.591879199169743,0.579273098089114
2023,"Havering",0.0179509753533581,0.0169935641756271,0.018956529804541
2023,"Herefordshire",0.0195535055771245,0.0201008720119637,0.0196704211178285
2023,"Hertsmere",0.06651328422064,0.0642895920820519,0.0680204930793909
2023,"High Peak",0.0541679974810589,0.0543697064935721,0.0541122315978382
2023,"Hillingdon",0.0376009041913093,0.0380279141153287,0.0366903646104291
2023,"Hinckley and Bosworth",0.0465952512403561,0.0473232997259043,0.0481888053913203
2023,"Horsham",0.447163099867255,0.472343589408611,0.481673865904716
2023,"Hounslow",0.185741811724035,0.189805396201027,0.188037674608454
2023,"Huntingdonshire",0.0354857160378467,0.0369570883720458,0.038440465769774
2023,"Hyndburn",0.032827943713002,0.0335135203004942,0.0314545726637757
2023,"Ipswich",0.153665114626579,0.160157535749749,0.155699742921335
2023,"Isle of Wight",0.0911709094901534,0.0949035325596437,0.0942221795444253
2023,"Islington",0.875303148234774,0.857909934905416,0.889663835335111
2023,"Kensington and Chelsea",0.357171613613179,0.370921615230468,0.355440809845323
2023,"King's Lynn and West Norfolk",0.0435616790373664,0.0460221050939165,0.0474165607828035
2023,"Kingston upon Hull",0.0255956549565007,0.0258207515877803,0.0262806138969516
2023,"Kingston upon Thames",5.27171525419441,5.42117522516973,5.5873398795937
2023,"Kirklees",0.0356740072364881,0.035579803139429,0.0359361186761613
2023,"Knowsley",0.0136334483301972,0.0139839485274193,0.0136365734131331
2023,"Lambeth",0.125577826303149,0.134242048712157,0.137054372226345
2023,"Lancaster",0.336779991741007,0.320392214450259,0.35834787405612
2023,"Leeds",0.0762614602161714,0.0741944795899784,0.0726548324323401
2023,"Leicester",0.0123101459189975,0.0131283758886673,0.0131757574179783
2023,"Lewes",0.379046472817245,0.397078051260715,0.393188716506554
2023,"Lewisham",0.234089496787099,0.233781295591821,0.234020486474253
2023,"Lichfield",0.022987405552662,0.0226571591677379,0.0232079900975176
2023,"Lincoln",0.0259497357838054,0.0268577866401474,0.0275030884621843
2023,"Liverpool",0.0394194203595372,0.0416563380639087,0.0402768100860562
2023,"Luton",0.123012662094264,0.121660786097642,0.128879852099733
2023,"Maidstone",0.0610359517413338,0.0590325667458824,0.053548685949768
2023,"Maldon",0.0975012357528265,0.0950191657101069,0.0973613835686691
2023,"Malvern Hills",0.00983508503711104,0.0107408648703793,0.0102667638162515
2023,"Manchester",0.0376977821078579,0.0393423810434477,0.0377108174717173
2023,"Mansfield",0.00978034416739824,0.0102049874948953,0.0100527142176267
2023,"Medway",0.0338837139275172,0.0326779944902136,0.0309672879436147
2023,"Melton",0.00862402907583275,0.00870878602021331,0.00836354143084938
2023,"Merton",0.35612651567824,0.343589220185805,0.34947921367258
2023,"Mid Devon",2.96671937070979,3.09483212173015,3.03993414138877
2023,"Mid Suffolk",0.0792357372460829,0.0823702257613057,0.0807828909260881
2023,"Mid Sussex",0.179100739769985,0.173550780815886,0.19211364416497
2023,"Middlesbrough",0.0126197099626804,0.0132816855150872,0.0139412605289644
2023,"Milton Keynes",0.0493762204278886,0.0479265246078274,0.0522471571974267
2023,"Mole Valley",5.58326817893665,5.76328021887786,5.64210425833269
2023,"New Forest",23.5765102737513,23.7712845702747,22.6117492455604
2023,"Newark and Sherwood",0.0313886504816735,0.0329213312710203,0.0323512371143834
2023,"Newcastle upon Tyne",0.056508435770168,0.0553337016061285,0.0556202804473197
2023,"Newcastle-under-Lyme",0.0203096651102939,0.0208660828283994,0.0199032578421101
2023,"Newham",0.0430399333223808,0.0422206473152564,0.0437532791630086
2023,"North Devon",0.273246651511252,0.264130269795011,0.260738811837667
2023,"North East Derbyshire",0.159941360726816,0.158658181660504,0.156772093062856
2023,"North East Lincolnshire",0.0236937903226529,0.0244452999744379,0.0243392354495992
2023,"North Hertfordshire",0.0371882320841049,0.0373545173515818,0.0371210664479034
2023,"North Kesteven",0.0160249860764212,0.0167343518862779,0.0164803700087408
2023,"North Lincolnshire",0.0492988192458424,0.0488865665153976,0.0489730456692037
2023,"North Norfolk",0.377259379941405,0.370345840100686,0.369327719741192
2023,"North Northamptonshire",0.055671778076213,0.0561129640484839,0.0574330895620072
2023,"North Somerset",4.80787851515275,4.73112211692912,4.85563383523765
2023,"North Tyneside",0.061362274203287,0.0604339754688818,0.0647325778338795
2023,"North Warwickshire",0.0337983614585383,0.035297660547113,0.0320596135103194
2023,"North West Leicestershire",0.0297198336183442,0.0279345927348568,0.0273006567820077
2023,"North Yorkshire UA",0.167816452549504,0.159042161543654,0.173995208254972
2023,"Northumberland",0.251979806704408,0.250804278927204,0.254785234298436
2023,"Norwich",0.0363777390328146,0.0382162669352264,0.0377244855293497
2023,"Nottingham",0.0382320653308083,0.0384612422028531,0.0402102835416346
2023,"Nuneaton and Bedworth",0.00884800910809914,0.00918902653059677,0.00879150464643595
2023,"Oadby and Wigston",0.00811966279100264,0.00851246726604871,0.00874275401596299
2023,"Oldham",0.0148562728157445,0.0148123573359712,0.0150786741215706
2023,"Oxford",0.757476625266516,0.767244585042617,0.773637668682214
2023,"Pendle",0.0524333894613416,0.050526666109378,0.0523471736866684
2023,"Peterborough",0.0296767632303996,0.0283388471677238,0.0280357153249795
2023,"Plymouth",0.0659855619435204,0.0670522043279636,0.0731527897422277
2023,"Portsmouth",0.04993614165697,0.0478180380891005,0.0518596387435548
2023,"Preston",0.0436114426423063,0.0439314627808444,0.0442324302935882
2023,"Reading",0.0654875978532255,0.0667863142761062,0.064916691865876
2023,"Redbridge",0.0400333548810776,0.0382025416857746,0.0395688884806009
2023,"Redcar and Cleveland",0.276877527793187,0.255125921907151,0.274659776861349
2023,"Redditch",0.0184219152202085,0.0192461658781553,0.0192873827638645
2023,"Reigate and Banstead",0.106275178482187,0.109967926893634,0.105897039166491
2023,"Ribble Valley",0.0541929820889841,0.0547578908169924,0.0515244131675805
2023,"Richmond upon Thames",11.1399865674092,11.1115426637392,10.881419858852
2023,"Rochdale",0.013355380253419,0.0125599196420545,0.0127910059397443
2023,"Rochford",0.0541132287198167,0.0484576913024651,0.0510751430558434
2023,"Rossendale",0.0615585972772936,0.0609567592020235,0.0630361183671072
2023,"Rother",0.0177982267495693,0.0172237677770414,0.016976328169667
2023,"Rotherham",0.0316608698045758,0.0303304895298784,0.031766530480983
2023,"Rugby",0.0538407771135146,0.0536610090272246,0.0525663362388382
2023,"Runnymede",0.212775711141546,0.214043559903266,0.209076352116018
2023,"Rushcliffe",0.0386056816236087,0.0378065693043534,0.0391975029225944
2023,"Rushmoor",0.233214141300866,0.234454316502512,0.239116024189957
2023,"Rutland",0.0503336429021751,0.0523597152638878,0.0522499749889746
2023,"Salford",0.0300796425578145,0.0300373703132184,0.0298246985863977
2023,"Sandwell",0.0134003705483694,0.013132036148319,0.0131326726851109
2023,"Sefton",0.0391653582923403,0.0391410771518556,0.0381820254685783
2023,"Sevenoaks",0.0434424860394112,0.0414654459171428,0.0419459533281902
2023,"Sheffield",0.0391015014457423,0.0367943686337953,0.0378431764440711
2023,"Shropshire",0.108082043192827,0.117081501234622,0.112269505489931
2023,"Slough",0.0413540339879711,0.0390341600507194,0.0397666152939695
2023,"Solihull",0.0370413547604811,0.0346369740848677,0.0346984606057406
2023,"Somerset UA",4.2594839661552,4.00845676894983,3.85690683287345
2023,"South Cambridgeshire",0.155020013824455,0.157708854729025,0.153030337893655
2023,"South Derbyshire",0.0225255006159912,0.0220827938309593,0.0228594052704154
2023,"South Gloucestershire",0.202404987209568,0.21106553485286,0.199626499535587
2023,"South Hams",13.151667000312,12.9682733931428,12.7028347148482
2023,"South Holland",0.0273082661528155,0.0270224265599027,0.0272855550736337
2023,"South Kesteven",0.0185391293710272,0.0180604869616161,0.0185191598570212
2023,"South Norfolk",0.0373784828335973,0.0362410257576507,0.0376899529071854
2023,"South Oxfordshire",0.126093285221924,0.128722893457174,0.124615288104739
2023,"South Ribble",0.0208730661189251,0.020211496193256,0.0209902557421062
2023,"South Staffordshire",0.0281943765340536,0.0274105460623503,0.0264401920848677
2023,"South Tyneside",0.0120909273481303,0.0115556330492646,0.0117931894690396
2023,"Southampton",2.68474315753032,2.67902889516042,2.56883482550198
2023,"Southend-on-Sea",0.0141597207422434,0.014940405925765,0.0140914361300342
2023,"Southwark",0.155244876287612,0.165450524489565,0.157884016780409
2023,"Spelthorne",0.0570524681478029,0.0575654710293912,0.0564353318529061
2023,"St Albans",0.221417532685888,0.221304969102412,0.217281113280485
2023,"St. Helens",0.00836751400884869,0.00835075417524083,0.00853604447729445
2023,"Stafford",0.0286975413198509,0.0274271908354476,0.0287121918045791
2023,"Staffordshire Moorlands",0.0291517959511344,0.0281219706215428,0.0283176719287819
2023,"Stevenage",0.0129782687220013,0.0139975842293358,0.0138472357554613
2023,"Stockport",0.0453112393662573,0.0440074494051372,0.047366820672928
2023,"Stockton-on-Tees",0.0265665883353021,0.0264115058798304,0.0269448342669625
2023,"Stoke-on-Trent",0.0344427912216399,0.0343475319910034,0.0346930485785182
2023,"Stratford-on-Avon",0.0390607629052139,0.0391015000308195,0.0402866575405311
2023,"Stroud",0.480589450740976,0.48078992048359,0.486718925415894
2023,"Sunderland",0.0427988855794105,0.0443752570784374,0.043342847533811
2023,"Surrey Heath",3.14638959985685,3.18194037254992,3.15722114857486
2023,"Sutton",0.136270539736622,0.136120070278715,0.139572813507316
2023,"Swale",0.0102924740432025,0.0103783627370457,0.00981465721923646
2023,"Swindon",0.0777236577073774,0.0786973518527652,0.0743599473894709
2023,"Tameside",0.0136004360242515,0.0139713935955966,0.0140347707205374
2023,"Tamworth",0.023368038386484,0.0229101379671679,0.0232354113610404
2023,"Tandridge",0.320266989298791,0.348213744737832,0.312499095015863
2023,"Teignbridge",5.79109636744648,5.45137760904715,5.45500489287598
2023,"Telford and Wrekin",0.0323081256644691,0.0332391011670155,0.033226683897372
2023,"Tendring",0.0206866724984283,0.0202421683047138,0.0216061425271178
2023,"Test Valley",43.5845038030892,42.9214058565773,44.8787150322536
2023,"Tewkesbury",0.0837407669615179,0.0803463179810242,0.0793030033247992
2023,"Thanet",0.0174440404600331,0.0178607605753192,0.0177511066138123
2023,"Three Rivers",0.0507752593964116,0.0545945298647245,0.0500211690945691
2023,"Thurrock",0.0490674295358658,0.0492772828391195,0.0493664611663038
2023,"Tonbridge and Malling",0.073084924054761,0.0699837454614583,0.0726216298326301
2023,"Torbay",0.215601728766281,0.225649039846295,0.227885248954381
2023,"Torridge",0.514767034580368,0.522721796268741,0.531469745838277
2023,"Tower Hamlets",0.124790780445708,0.116461577050492,0.121298757592312
2023,"Trafford",0.0317293195446663,0.0314370178097751,0.0311289627825695
2023,"Tunbridge Wells",0.0262175688575275,0.0240960887962001,0.0253823014795925
2023,"Uttlesford",0.0896169415281036,0.0864608738990424,0.0872767631709795
2023,"Vale of White Horse",0.179004418744191,0.180743803169735,0.187871724409356
2023,"Wakefield",0.04188408734727,0.0437586501195824,0.0433416753592344
2023,"Walsall",0.0134259166022478,0.0126381733619918,0.0129710473114697
2023,"Waltham Forest",0.0447051551003838,0.0464438704027086,0.0472877623136015
2023,"Wandsworth",1.1090220300128,1.07978708974123,1.0586063453738
2023,"Warrington",0.064368262483333,0.0614080702013246,0.0654338890933248
2023,"Warwick",0.00844806934425567,0.0088056911868576,0.00844993829894704
2023,"Watford",0.0397898079911903,0.04199916428219,0.0429404219818425
2023,"Waverley",19.5412734046332,20.2870303741788,19.2651998653723
2023,"Wealden",0.114957059130429,0.11895859012577,0.113049704039856
2023,"Welwyn Hatfield",0.016767531467827,0.0158027733556487,0.0159140026232408
2023,"West Berkshire",1.54489279772214,1.62378133969936,1.58723472979299
2023,"West Devon",13.767222216497,12.7645359148266,12.7339606350703
2023,"West Lancashire",0.134753371749574,0.131092493995489,0.121432002105475
2023,"West Lindsey",0.152903536693869,0.161666865591619,0.151891585566222
2023,"West Northamptonshire",0.0104609435026522,0.0108303145535985,0.0109804455640331
2023,"West Oxfordshire",0.0666332595714502,0.0695257062782077,0.0654992884575244
2023,"West Suffolk",0.14523347986562,0.155901037070662,0.146051242469159
2023,"Westminster",0.52808930714952,0.512157271537308,0.535627051420659
2023,"Westmorland and Furness",2.20411845808768,2.22298671285489,2.28732974520436
2023,"Wigan",0.0384217846077327,0.0373663928450021,0.03764879155862
2023,"Wiltshire",3.3271530009734,3.21924709696183,3.18232096777974
2023,"Winchester",45.1162842777984,46.3713751292193,46.4655986973824
2023,"Windsor and Maidenhead",0.227217785414105,0.227317661679333,0.238657789927459
2023,"Wirral",0.0182048471777463,0.0175767118125957,0.0176362752560138
2023,"Woking",0.662133066445231,0.647955743066984,0.674831422508046
2023,"Wokingham",0.282087821923964,0.28062675966782,0.281132597998707
2023,"Wolverhampton",0.0140688618223825,0.0143608580414649,0.0137872409899881
2023,"Worcester",0.00846986834747438,0.00868734262593946,0.00861526178230373
2023,"Worthing",0.0327655383320428,0.0319602855369009,0.0312992325524984
2023,"Wychavon",0.0540895865943784,0.0551394407044049,0.0528473486820938
2023,"Wyre",0.0241574895483464,0.0251947492017099,0.0243697579169608
2023,"Wyre Forest",0.00861989091460385,0.00843388333365137,0.00839443498187965
2023,"York",0.0867039832371312,0.0870782910312568,0.0871865369438118
2024,"Adur",0.0563527279955775,0.0598133593454761,0.0569617698065304
2024,"Amber Valley",0.00913007662414867,0.00846905524971678,0.00860604491494845
2024,"Arun",0.382872970902822,0.391451625477994,0.413687699768992
2024,"Ashfield",0.0182964693143905,0.0188797460129496,0.0191115593022147
2024,"Ashford",0.0202725851913613,0.0205342266293097,0.0193319389190212
2024,"Babergh",0.0414337719527817,0.0402150741589677,0.0408711973729498
2024,"Barking and Dagenham",0.0426028315188055,0.04447402602973,0.0426988967707865
2024,"Barnet",0.0855416555179637,0.0857458474574776,0.0871227070042072
2024,"Barnsley",0.0283431404379505,0.0284426654862422,0.029093780970446
2024,"Basildon",0.0545091581611527,0.0568142222728559,0.0553050147983836
2024,"Basingstoke and Deane",4.75989572768197,4.49399963687897,4.9880070478417
2024,"Bassetlaw",0.108219561068074,0.101990811777221,0.105463942373276
2024,"Bath and North East Somerset",5.56407687036424,5.38922160890012,5.34625968044267
2024,"Bedford",0.0881061564639145,0.0875811654396363,0.0830033337486946
2024,"Bexley",0.0147431679449042,0.0146993735107548,0.0148303899623924
2024,"Birmingham",0.0347251217992685,0.0352948453789319,0.0361009189874805
2024,"Blaby",0.00801214055343603,0.00874264727494523,0.00883207940481552
2024,"Blackburn with Darwen",0.0265516101193527,0.0258448702135837,0.0252449430746036
2024,"Blackpool",0.0912787650724032,0.088634568414056,0.0902838837810651
2024,"Bolsover",0.038383158677182,0.0372551966807366,0.0377562586157885
2024,"Bolton",0.0119410495131767,0.011916820039491,0.0120857342896083
2024,"Boston",0.148199777816793,0.155296937555362,0.154727916564811
2024,"Bracknell Forest",0.179941453892385,0.177970867266591,0.168819850880472
2024,"Bradford",0.0346101776095257,0.0327677876484479,0.0330903019048631
2024,"Braintree",0.0298703035272346,0.0279614976474955,0.0301237045077024
2024,"Breckland",0.130119351108855,0.124134922735771,0.123140327141185
2024,"Brent",0.0235059463040356,0.0242582930909507,0.0237054526824167
2024,"Brentwood",0.0325304969857583,0.0338840199223049,0.0336067831423707
2024,"Brighton and Hove",0.315928203547296,0.307283638385559,0.300299872266305
2024,"Bristol",2.21131725513862,2.18103727578748,2.24881147386442
2024,"Broadland",0.0276160500991488,0.0277488308877814,0.0276115414161337
2024,"Bromley",0.139915948844767,0.145622052784692,0.140159510269277
2024,"Bromsgrove",0.0252623598626508,0.0260323012194453,0.0248809321847428
2024,"Broxbourne",0.0326351050186541,0.0303239310488622,0.031511903257999
2024,"Broxtowe",0.0101170246983723,0.00988008707093659,0.01005613130386
2024,"Buckinghamshire UA",0.0803890741478158,0.0782317858036038,0.0839632273711056
2024,"Burnley",0.00789413757209849,0.00792902732840771,0.00880344760230404
2024,"Bury",0.0214677819418889,0.0215272283912592,0.0218380939480671
2024,"Calderdale",0.107757978186454,0.109129541978522,0.102944469827031
2024,"Cambridge",0.319309612871862,0.31604880885432,0.315025701299114
2024,"Camden",3.19962539675508,3.11018682334218,3.10977932308082
2024,"Cannock Chase",0.010848548519737,0.0117261056396549,0.011742333692515
2024,"Canterbury",0.0168304743669969,0.0164490104781388,0.01631286186044
2024,"Castle Point",0.0272403938124733,0.0254324724908309,0.0260888990955872
2024,"Central Bedfordshire",0.0761360072334453,0.0760715931322346,0.077896791414777
2024,"Charnwood",0.0162509955446434,0.0162217112097779,0.0164487860891121
2024,"Chelmsford",0.0688236490990933,0.0693754602248508,0.068566408480677
2024,"Cheltenham",0.0926128827872405,0.0899083359903083,0.0953870516008423
2024,"Cherwell",0.0205790826472474,0.0197573885899637,0.0209282502075794
2024,"Cheshire East",0.0597941115952609,0.0583271345985391,0.0604822053654381
2024,"Cheshire West and Chester",0.0716384718810843,0.0662230133998793,0.0721370473394085
2024,"Chesterfield",0.0305868277703935,0.031088840251906,0.0292415812944877
2024,"Chichester",24.967019635124,26.0804165977285,26.4601723754668
2024,"Chorley",0.0932662589334271,0.0993258609920552,0.0989545455374984
2024,"Colchester",0.0436817257418995,0.0417237175052254,0.0418280051335923
2024,"Cornwall",0.23376949707207,0.229900461693272,0.237234462644891
2024,"Cotswold",0.76529958868463,0.770358342372502,0.739475255223641
2024,"County Durham",0.0343150573124288,0.0322259089538884,0.0336056875187515
2024,"Coventry",0.0262767903985253,0.0247427831637848,0.0250611455394661
2024,"Crawley",0.0442976387292849,0.0472899336465908,0.0482498429936905
2024,"Croydon",0.0362005776979343,0.0366111549039917,0.0372711773931164
2024,"Cumberland",0.697013398823088,0.71648881346131,0.740916341479719
2024,"Dacorum",0.0237691376435404,0.0243410803452002,0.0244663781541608
2024,"Darlington",0.00795890524445438,0.00793806786026127,0.00804238165275105
2024,"Dartford",0.0871570798851269,0.0917866190314015,0.0891916408424653
2024,"Derby",0.033774528105777,0.0320875581846167,0.0341514608704441
2024,"Derbyshire Dales",0.0139757994404991,0.014078191798447,0.0145096691062314
2024,"Doncaster",0.032028959099816,0.0296561967777847,0.0307685276247365
2024,"Dorset",8.14368043145286,8.29662118412943,8.6521507505229
2024,"Dover",0.0398473068982666,0.0405993494307775,0.037765084926736
2024,"Dudley",0.0151485586669479,0.0157158059050708,0.015660007678293
2024,"Ealing",0.101597183456769,0.104083373735099,0.101824965561366
2024,"East Cambridgeshire",0.108126220909834,0.102655555809009,0.102940148291023
2024,"East Devon",1.93196661454014,1.95778956477473,1.97541529205653
2024,"East Hampshire",15.8419757391923,16.3876626161538,16.9526376599514
2024,"East Hertfordshire",0.0303133462690233,0.0316725245990703,0.0319392697846303
2024,"East Lindsey",0.0290943072242024,0.0301663632422212,0.0282508188227597
2024,"East Riding of Yorkshire",0.0424375919899536,0.0402200088500618,0.039713009327482
2024,"East Staffordshire",0.0337072621308032,0.0348607062631866,0.0329708197066274
2024,"East Suffolk",0.0562078073687833,0.0555329241865782,0.0539608922699853
2024,"Eastbourne",0.214653705519703,0.218937829685622,0.220174313530688
2024,"Eastleigh",10.4710930803371,9.85855260862021,10.3604168374932
2024,"Elmbridge",0.962702344868428,0.954427445477347,0.963060485049628
2024,"Enfield",0.0566621833598217,0.0574267876896059,0.056376493477688
2024,"Epping Forest",0.0361455237509866,0.0380638041092544,0.0374424545923837
2024,"Epsom and Ewell",1.42861397410418,1.48089602232516,1.48274067949389
2024,"Erewash",0.0145640892285711,0.0145703057842578,0.013354748318816
2024,"Exeter",0.504941893980087,0.510340908815614,0.520081903895239
2024,"Fareham",0.83859143012498,0.85057892874362,0.915861491640091
2024,"Fenland",0.023106591594864,0.0231255447481646,0.0243268391074615
2024,"Folkestone & Hythe",0.0311444503912089,0.0314919857929492,0.0306381490735256
2024,"Forest of Dean",0.0829189738431712,0.0826842416238888,0.0835233737361024
2024,"Fylde",0.303886382534814,0.303162592107261,0.292440390664448
2024,"Gateshead",0.103118953600659,0.102313301906536,0.101104046066568
2024,"Gedling",0.0206049659632645,0.0197321781397065,0.0197863897145254
2024,"Gloucester",0.0897764144076528,0.088453324422712,0.0925851916895135
2024,"Gosport",0.0822135802680048,0.0820015309866333,0.0881650735939164
2024,"Gravesham",0.0222920570215557,0.0223749751190093,0.0225378004446563
2024,"Great Yarmouth",0.0141985741151894,0.0146216111734286,0.0143819246896477
2024,"Greenwich",0.117507489306984,0.123838549790623,0.125029684304648
2024,"Guildford",3.21043621879465,2.99640400341217,3.10262419069609
2024,"Hackney",0.104441769221079,0.104843068845694,0.106894492892001
2024,"Halton",0.00867904684666871,0.00841341480505775,0.00871226546422076
2024,"Hammersmith and Fulham",2.8970288935944,2.90832495861728,3.01503553441079
2024,"Harborough",0.019687927422317,0.0185135075453572,0.0194362926831461
2024,"Haringey",0.159392294153392,0.155655956443515,0.161584056100341
2024,"Harlow",0.0340975911532893,0.0346151486354977,0.0339040464122469
2024,"Harrow",0.0145176028002115,0.0149665867590612,0.014059717266762
2024,"Hart",12.9690317476337,13.1974804558107,12.5128683984581
2024,"Hartlepool",0.0186799325743277,0.0181253042743925,0.018646026337325
2024,"Hastings",0.0180451176082854,0.0170509653017021,0.0184733345372141
2024,"Havant",0.693269599918103,0.708562626781345,0.757019360243867
2024,"Havering",0.0153639619483276,0.0154591593022561,0.0152621033300159
2024,"Herefordshire",0.0153947402412876,0.014745178302427,0.0156598795291202
2024,"Hertsmere",0.065830069897348,0.062533763448704,0.0639262828494018
2024,"High Peak",0.0525580872580643,0.0511564282439561,0.0511222822753657
2024,"Hillingdon",0.0325609543526911,0.0306845687384443,0.0310544017893622
2024,"Hinckley and Bosworth",0.0491085478155354,0.050584549303519,0.0511350772199408
2024,"Horsham",0.39600471257081,0.39149773118059,0.386525308096112
2024,"Hounslow",0.161837644409427,0.162021369660564,0.166012138799314
2024,"Huntingdonshire",0.0393555933538506,0.0400734070161588,0.0376626509523071
2024,"Hyndburn",0.0393144565435299,0.0396287363781554,0.0387722386199705
2024,"Ipswich",0.16317448829353,0.164578812755537,0.165483762616851
2024,"Isle of Wight",0.103878789634079,0.101835627393159,0.100838115329724
2024,"Islington",1.03010981342802,1.03900071841366,1.07960570774278
2024,"Kensington and Chelsea",0.359248197735533,0.365368083929319,0.347274944697075
2024,"King's Lynn and West Norfolk",0.0404859320784761,0.0408044068375638,0.0395196001515614
2024,"Kingston upon Hull",0.0266542771251951,0.0248550893975946,0.0255508578297913
2024,"Kingston upon Thames",4.97641720483658,4.91402322529039,5.00241622921188
2024,"Kirklees",0.0360261903418159,0.0353165496345117,0.0357492001973993
2024,"Knowsley",0.0112116644584126,0.0104957210765053,0.0113791247794939
2024,"Lambeth",0.126248348613698,0.126309998383569,0.122023406167672
2024,"Lancaster",0.331205552390408,0.32610970535652,0.32688654599574
2024,"Leeds",0.0812494026647975,0.0812996394315341,0.0834238835418349
2024,"Leicester",0.0118241510606715,0.0123958837822837,0.0123413312779941
2024,"Lewes",0.395740572627634,0.388664805671122,0.387112768738828
2024,"Lewisham",0.231071422438201,0.241309977105489,0.22753380805162
2024,"Lichfield",0.0220107409316937,0.0221851192257838,0.0215436735447233
2024,"Lincoln",0.0309614702695713,0.0289113937399488,0.029697767441384
2024,"Liverpool",0.0425356945401524,0.0413744127500283,0.0416202138767112
2024,"Luton",0.148066253436445,0.140417064670743,0.141377336158576
2024,"Maidstone",0.0514380395179783,0.0535242268897607,0.0546654957509981
2024,"Maldon",0.103244217409822,0.102497127821485,0.10883339648402
2024,"Malvern Hills",0.00765105985110112,0.00790888299641952,0.00788386801990812
2024,"Manchester",0.037539287669713,0.0367430567542075,0.0353119088396293
2024,"Mansfield",0.00792483583237634,0.00771295818420802,0.00781515521007685
2024,"Medway",0.030607602822237,0.0322062735006629,0.031528843155599
2024,"Melton",0.00851600740727498,0.00869107812646434,0.00854505025248417
2024,"Merton",0.320229644821652,0.339812333934848,0.327889826540763
2024,"Mid Devon",3.25019651420654,3.23873834735055,3.21758338348012
2024,"Mid Suffolk",0.0712137152848863,0.0756004423719298,0.0774550519274114
2024,"Mid Sussex",0.198110901082913,0.193602443224437,0.19964209156464
2024,"Middlesbrough",0.0138703193826109,0.0125671093354218,0.0127360084973468
2024,"Milton Keynes",0.0417462977127215,0.0386059571611654,0.0390981915525075
2024,"Mole Valley",5.65332047932578,5.48243520886425,5.61280559722753
2024,"New Forest",20.3540084497074,20.0684747711792,20.0204990451479
2024,"Newark and Sherwood",0.0320352645562817,0.035546460592894,0.0356578551456205
2024,"Newcastle upon Tyne",0.0567566590085995,0.0561529768923401,0.0561852903392489
2024,"Newcastle-under-Lyme",0.0191203653581609,0.0184259538431719,0.018503060745368
2024,"Newham",0.0404449729343007,0.0398855071203889,0.0413450778986905
2024,"North Devon",0.242436511065338,0.247862716609529,0.247054966807603
2024,"North East Derbyshire",0.172693707130119,0.184948185949703,0.175294123368262
2024,"North East Lincolnshire",0.0237067708710502,0.0238019812166642,0.023478899441216
2024,"North Hertfordshire",0.0287509427897289,0.028541924981176,0.0298262881312578
2024,"North Kesteven",0.013686505603463,0.0143358030172381,0.013712756664771
2024,"North Lincolnshire",0.046835324007751,0.0508412963499559,0.0495755121550563
2024,"North Norfolk",0.37744978348301,0.379416225750848,0.363832561126632
2024,"North Northamptonshire",0.0542111842788627,0.0542385559283956,0.0539186117674815
2024,"North Somerset",4.51213448204299,4.31960805745316,4.61291231176942
2024,"North Tyneside",0.0674129489229156,0.0674337937805807,0.0685576663950349
2024,"North Warwickshire",0.0291098727472759,0.0280926063278013,0.028323481876055
2024,"North West Leicestershire",0.022956212649237,0.0237992930652144,0.0238500445992898
2024,"North Yorkshire UA",0.164293539971002,0.161591578441798,0.171263392866721
2024,"Northumberland",0.301303439999705,0.307049767893101,0.29718868757863
2024,"Norwich",0.0389034268890005,0.0399288439911108,0.0383298596158758
2024,"Nottingham",0.0400598535428268,0.0393447514985758,0.0374584445137255
2024,"Nuneaton and Bedworth",0.00800411140256621,0.00790081282792775,0.0077997549206511
2024,"Oadby and Wigston",0.00859365126871241,0.00841803143192912,0.00834975987634063
2024,"Oldham",0.0156413606848843,0.0153082170095075,0.0148819211298004
2024,"Oxford",0.790239847934678,0.829074909783474,0.81328407766827
2024,"Pendle",0.0528085887109707,0.0491269160229193,0.0476210103312929
2024,"Peterborough",0.0240504365127497,0.0242760706271892,0.0252345021039572
2024,"Plymouth",0.0567320082164221,0.0547971637365252,0.0567633159246926
2024,"Portsmouth",0.0516175641828012,0.0504808966642598,0.0514187125966691
2024,"Preston",0.0430847820248834,0.0445075374793536,0.0424675177365777
2024,"Reading",0.0647738230478807,0.0640745086175628,0.0660673935201167
2024,"Redbridge",0.0368861412472429,0.0356499744913523,0.0361543967672611
2024,"Redcar and Cleveland",0.307722030059944,0.302894085759774,0.300729886930271
2024,"Redditch",0.0203822448826776,0.021366480584993,0.0217019791326398
2024,"Reigate and Banstead",0.103467846477908,0.106330224259782,0.107115477698325
2024,"Ribble Valley",0.0500404166052789,0.0504693922070625,0.0479594625621084
2024,"Richmond upon Thames",11.0437963635696,11.5336635699768,10.7318797663661
2024,"Rochdale",0.0116434551230421,0.0112807946575982,0.0113573447039505
2024,"Rochford",0.0468432337956611,0.0493418029236506,0.0479352457473114
2024,"Rossendale",0.0659553753133183,0.0678165084275303,0.0676785157897291
2024,"Rother",0.0140423412064813,0.0132778789929773,0.0143792072824753
2024,"Rotherham",0.0309223772568898,0.0303375466092526,0.0300816058771461
2024,"Rugby",0.0400406210949215,0.0378678887544618,0.0396272872895308
2024,"Runnymede",0.251964058654687,0.265918874344214,0.293491694059275
2024,"Rushcliffe",0.033709993107474,0.034381775951774,0.0337908104310219
2024,"Rushmoor",0.25351425796897,0.260428479681485,0.266310912099811
2024,"Rutland",0.060450280245039,0.0613410630507116,0.0597331768694034
2024,"Salford",0.026275059995732,0.0249333842694502,0.0271373688987453
2024,"Sandwell",0.0113756095273973,0.0112907489099598,0.0127006762235771
2024,"Sefton",0.039585031597426,0.038545011013078,0.0403092601430269
2024,"Sevenoaks",0.0422322902099916,0.0399892294353793,0.0413093909255839
2024,"Sheffield",0.0351489568119815,0.0354112050873434,0.0358490993175076
2024,"Shropshire",0.11603571280085,0.113877379757449,0.11573944898191
2024,"Slough",0.0432276533603455,0.0413880889530619,0.0408184163261279
2024,"Solihull",0.0314455745314272,0.0297951119822408,0.0302901272764589
2024,"Somerset UA",4.02323166330048,3.7310123619237,4.06382925870903
2024,"South Cambridgeshire",0.159166577253934,0.155161823831135,0.152956271116647
2024,"South Derbyshire",0.0219017331532854,0.0226441576856547,0.0216382439426128
2024,"South Gloucestershire",0.218435785884146,0.211884383468918,0.209312433582574
2024,"South Hams",13.6826515479483,13.6869258596286,13.1293579800678
2024,"South Holland",0.0283952607990206,0.0292644349950643,0.0294636355796688
2024,"South Kesteven",0.018219893586059,0.0183696942062833,0.0179410899964089
2024,"South Norfolk",0.0324825354358216,0.0324761355902018,0.0301508919131257
2024,"South Oxfordshire",0.149986528837922,0.151584526757862,0.148713639555942
2024,"South Ribble",0.0224425537332266,0.0222549275689899,0.0220203149190304
2024,"South Staffordshire",0.0229536506873657,0.022635970325898,0.0234988866532399
2024,"South Tyneside",0.0114447752570662,0.0110009441476178,0.0113445123154044
2024,"Southampton",2.39584877386445,2.29744420911323,2.4768985234921
2024,"Southend-on-Sea",0.0108209518479145,0.0118984998620255,0.0110538910251899
2024,"Southwark",0.15926829459179,0.150219151156533,0.150191791548026
2024,"Spelthorne",0.0588287985387601,0.0539656911165182,0.0567895874030331
2024,"St Albans",0.22739058511746,0.230096655788851,0.225197955126161
2024,"St. Helens",0.00770699634855467,0.00803479652900987,0.00794700105575286
2024,"Stafford",0.0269215444271152,0.0246155500841803,0.026126467423991
2024,"Staffordshire Moorlands",0.0245024004678197,0.0245902134850149,0.024533764950725
2024,"Stevenage",0.011843759153132,0.0120587975217259,0.0126262940729983
2024,"Stockport",0.0391733266873312,0.0409060536574517,0.0399732753368233
2024,"Stockton-on-Tees",0.0259287666840804,0.0260042677396941,0.0254049875961532
2024,"Stoke-on-Trent",0.0326609957954836,0.0312152401690764,0.0302925605048538
2024,"Stratford-on-Avon",0.0306382743724077,0.0308079296365004,0.0285046732294784
2024,"Stroud",0.427576700968572,0.448993342039157,0.445739131730932
2024,"Sunderland",0.0428059267754142,0.0415803404719636,0.0427484849133042
2024,"Surrey Heath",3.60956260797801,3.49452230743256,3.52465673506808
2024,"Sutton",0.144467244767665,0.146492912383905,0.148179853611475
2024,"Swale",0.00860812633292888,0.00819045099908088,0.00846792253064178
2024,"Swindon",0.0777443103070689,0.0767281264328087,0.0780206194151287
2024,"Tameside",0.0123859865133495,0.0123645060202109,0.0131815362432896
2024,"Tamworth",0.0228330828327528,0.0225060322233971,0.0222885321802943
2024,"Tandridge",0.464335104762848,0.46579915752609,0.449437944140689
2024,"Teignbridge",5.57527012926082,5.48584957216091,5.92034478054078
2024,"Telford and Wrekin",0.0339576219238258,0.0317048810649785,0.0302976422983719
2024,"Tendring",0.0183204096416455,0.0180712742101486,0.0180765605393307
2024,"Test Valley",40.9646760115863,40.0810211059393,42.2626210011342
2024,"Tewkesbury",0.0818391928434057,0.080609034674096,0.0802592535325973
2024,"Thanet",0.0179219038413196,0.017524049775793,0.0173359109704871
2024,"Three Rivers",0.0372799607082139,0.0380375718240424,0.0368744926680759
2024,"Thurrock",0.048554026762025,0.0455273021932572,0.0476219310956806
2024,"Tonbridge and Malling",0.0812396866150178,0.0793827887541432,0.0796892792931708
2024,"Torbay",0.239127189047627,0.242083628671166,0.223101626933175
2024,"Torridge",0.625466233268839,0.676493008632617,0.663397202752647
2024,"Tower Hamlets",0.105916607446637,0.106710486847033,0.11054025577289
2024,"Trafford",0.0307664190582187,0.0295947239953733,0.0305259231421095
2024,"Tunbridge Wells",0.0189584449426553,0.0193345107410298,0.018595819039725
2024,"Uttlesford",0.0791213023835054,0.0765825823790249,0.0761620306022395
2024,"Vale of White Horse",0.183690000675944,0.167131157366268,0.172334845070835
2024,"Wakefield",0.0449430920802145,0.043384734665138,0.0454983541794038
2024,"Walsall",0.0129853399812896,0.0134189747016576,0.013436806195853
2024,"Waltham Forest",0.0450530094305682,0.0464335653070645,0.0449291642918385
2024,"Wandsworth",1.08332154945352,1.04001879755053,1.0693761686514
2024,"Warrington",0.0572330378878188,0.0553022017737736,0.0582750604011085
2024,"Warwick",0.00739460682991784,0.00754289229521461,0.00807241316426194
2024,"Watford",0.0401508853883529,0.0389162674993898,0.0389710343972088
2024,"Waverley",18.7855636174019,18.8186547408235,17.9823022621182
2024,"Wealden",0.0956318172947239,0.0966743826456402,0.0955515175756896
2024,"Welwyn Hatfield",0.0155371972299837,0.0158689548545361,0.0157477375786194
2024,"West Berkshire",1.53770479261167,1.50076646466772,1.50495030519059
2024,"West Devon",13.224516819498,13.489030445093,13.8452418049621
2024,"West Lancashire",0.130567153613447,0.129350905395171,0.121936883379049
2024,"West Lindsey",0.172274645480458,0.17869604360784,0.187244869056995
2024,"West Northamptonshire",0.00987027174646275,0.00954835423035006,0.00928975909234398
2024,"West Oxfordshire",0.0571413879681709,0.0616835200385215,0.0613437965086945
2024,"West Suffolk",0.136843413922696,0.144023965042132,0.138611390656716
2024,"Westminster",0.504178907430976,0.543895422935,0.520635484951425
2024,"Westmorland and Furness",2.65027417221785,2.67923560795281,2.68008149751965
2024,"Wigan",0.0401351804770952,0.0392461753561392,0.0381178893451812
2024,"Wiltshire",3.06626848447005,3.30487957223071,3.06876522631419
2024,"Winchester",44.2602057421522,40.1528930483975,40.8712376842337
2024,"Windsor and Maidenhead",0.307767778529118,0.318291979223894,0.302164866226801
2024,"Wirral",0.0165541785602497,0.0160603186662854,0.0155721522260886
2024,"Woking",0.674749036080962,0.645992352935351,0.639453563059599
2024,"Wokingham",0.258121266227398,0.257533750451094,0.270895519437755
2024,"Wolverhampton",0.013427597164173,0.0140929299324689,0.0134890761135938
2024,"Worcester",0.00847200896226624,0.00780727704839782,0.0091598592494295
2024,"Worthing",0.0260744408594624,0.0277433862653868,0.0268570876200533
2024,"Wychavon",0.0554255074309071,0.0579948416252783,0.0562535258665322
2024,"Wyre",0.0215789596435445,0.0236187603142584,0.0226342169724394
2024,"Wyre Forest",0.00909276194855697,0.00865739399915814,0.00829721224999054
2024,"York",0.0827880331209686,0.0789087007062577,0.0811668037478307
